{"+fWZrfc1KMSAl7nntVYyOQ==":"1733kl02-p-500x500.jpg","w/leChayNRl5GpXwLcKOUQ==":"cheapest-mobile-repair-in-goregaon-500x500.jpg","5VwB4l2v203NMu1sG74u3w==":"devices-sm-a710fedfxsg_001_front_black-500x500.png","WEWd0PWJVhSlFrckkHwdyg==":"44794771_700809393630080_1280324223314690048_n-640x480.jpg","fsTFlqSF1fR8J0JyNPTO2w==":"44806367_2308276056059886_1797733229747240960_n-640x480.jpg","/UZyWIX3Fq74AUx/7znlLA==":"44767727_2216733508391583_3349191789201326080_n-640x480.jpg","llK5WVtbtKVjObOAi6gKZw==":"44862279_162708814678906_5652292655070052352_n-480x645.jpg","3VRGdihHQ+Q4XGzsK1iP3w==":"44693961_335959733619253_5374431511086891008_n-480x480.jpg","8pVuDHPkZZe4UyaMxWWP/A==":"cheapest-mobile-repair-in-goregaon-492x492.jpg","nzu40ie4Qr2LaVib7f5YoA==":"devices-sm-a710fedfxsg_001_front_black-492x492.png","4XCRKiJG+db6RuSqRadHMA==":"1532346066-sennheiser-headphones-492x492.jpg","PWGZhYc1przb0TV6tyqc5g==":"71bfl+dsopl._sr500,500_-280x500.jpg","oaZKjYh1FLe20OxNMtCLDw==":"91t2-fiezwl._sy550_-410x550.jpg","0DFqpVlhH5AeYtTM436JhA==":"715b78e+ckl._sr500,500_-500x500.jpg","gJXWf4zQTgDlbS7WUrtcTQ==":"devices-sm-a710fedfxsg_001_front_black-448x488.png","24BHP9VlMcjDxIDjfZz6jg==":"philips-in-bt40bk-94-original-imafyhffk49hxvga-513x612.jpg","EI1LMJuJJiJMA0LaI5B6gQ==":"kodak-power-bank-850x995.jpg","I1aC4U0z0DolvEBVTAaiRg==":"1532346066-sennheiser-headphones-500x500.jpg","1qf/oy3vB6koG2h2E/8ZcA==":"51rt-1elokl-500x485.jpg","rWovY1++ChgfOqE8spNkIw==":"2575ym01-p-600x600.jpg","bsxVLgwT1Ki8A5+Az8BDSw==":"img-66798e96a8710a457a12ce319e284a9b-268x249.jpg","aO42sRMKfa2hB3FBO/IOjQ==":"1faa1f29d56607e318d9c4ea15745f56-425x425.jpg","dkGQEl3nA32KA0PGTQXhcA==":"2571yl01-p-385x600.jpg","c0DyGSPKQVlx1ApsSSI3Ug==":"cheapest-mobile-repair-in-goregaon-1-500x500.jpg","Rt1RyM7Pac+S62q0JbfdHQ==":"mobile-1431x1073.jpg","Sk92oh0ypoQbUrpQ6rfy+w==":"dummy-profile-pic-male1-240x240.jpg","SQDCnnoHb1iReikmQbe4vA==":"81i25f3gk6l._sx450_-450x300.jpg","l5XQYBG5UFAy9PPy6xMODQ==":"20066222_01-1200-1046x1046.jpg","Yajd11O2BzYdAWBRNKDumg==":"20066222_01_1200%20-%20copy-1046x702.jpg","3c32MXkQnS9zw+cBLsfoFA==":"enw4rrdeefhwvjlk7kvq7455ha-1046x588.jpg","xcOZ+E7WzFAjE4HmZvcdww==":"yaprakli-siyah-beyaz-duvar-kagidi-1000x1000.jpg","aq0GieogJgPp1td/cEhq8w==":"enw4rrdeefhwvjlk7kvq7455ha-1046x742.jpg","HI2Tx+5tpWHFJ/WIC/8rOg==":"ejp_eat_2pc_mao-1_eaton-1152x768.jpg","gyMRzYpytDzMTbKTynFWeA==":"ejp_eat_2pc_mao-1_eaton%20-%20copy-1250x833.jpg","aTSG2fKu/vkTFpfP678GYQ==":"ejp_eat_2pc_mao-1_eaton-997x768.jpg","LuMpdwmkKTbQmD+EECY/kw==":"homeappliances759-759x422.jpg","Ct0JMUw32JhaCC/KwtIlUA==":"whirlpool-4-piece-kitchen-appliance-package-with-electric-range---stainless-steel-rcwilley-image1-600-600x600.jpg","pzncXs3atBQCQeD2QAPG1w==":"whirlpool-4-piece-kitchen-appliance-package-with-electric-range---stainless-steel-rcwilley-image1-600-790x790.jpg","WnWoV8Jvd2uQFwVd2YYYTg==":"whirlpool-4-piece-kitchen-appliance-package-with-electric-range---stainless-steel-rcwilley-image1-600-1200x790.jpg","i/MYnartMZd1X8+uiS3uJw==":"2018-labor-day-bosch-2-kitchen-suite-1202x875.jpg","95BuC+AH6F7T1gvaow5qiA==":"81i25f3gk6l._sx450_-1-450x300.jpg","NOt8R4UJArtETkdPRXju6A==":"81i25f3gk6l._sx450_-300x200.jpg","uTEIZFGyHm6py5ER57XOuA==":"81i25f3gk6l._sx450_-1-300x200.jpg","1slpCRaCN5kkpJIXf3oi5g==":"112-240x360.jpg","80uPJpHWToocCMsmwgtTvw==":"2018-labor-day-bosch-2-kitchen-suite-1-1202x875.jpg","9wjUI6FywNxsNVqdo4Y8Uw==":"whirlpool-4-piece-kitchen-appliance-package-with-electric-range---stainless-steel-rcwilley-image1-600-240x158.jpg","moK7PYtDhBepfQUVd80wkQ==":"20066222_01_1200%20-%20copy-1200x805.jpg","bSOuS3i+LVlraXnxKPHL/g==":"ejp_eat_2pc_mao-1_eaton%20-%20copy-1250x833.jpg","actA4DNVp8hVriUdSG85AA==":"42559780_1795617873869848_101331253608841216_n-502x521.jpg","/Xbn0sirZ7kI4fIBOAf/pg==":"42559780_1795617873869848_101331253608841216_n-1-502x521.jpg","oBlmfJ2HKBesavYCQKS9cQ==":"91t2-fiezwl._sy550_-1-410x550.jpg","tx83Oojcpo5RrZx4RrYMzw==":"mid1-17-749x695.jpg","NABkP9i4t4mIGSpFn73WIA==":"background1.jpg","HoeEF4HfT9nMa9Cg+v0y1w==":"02.jpg","QNwuDCMwpMIzZwdMOI6sjA==":"2018-labor-day-bosch-2-kitchen-suite%20-%20copy-824x600.jpg","4UxmH9TcWfCgSNEvidaHaA==":"2018-labor-day-bosch-2-kitchen-suite%20-%20copy-824x556.jpg","r7TaLuPLZAOdlhYBYNW4dQ==":"2018-labor-day-bosch-2-kitchen-suite%20-%20copy-592x400.jpg","D7wHs/5tmOB73gtZ/2ctlA==":"2018-labor-day-bosch-2-kitchen-suite%20-%20copy-444x300.jpg","YB0A7eL7JggSTy5XIspW/g==":"2018-labor-day-bosch-2-kitchen-suite%20-%20copy-450x200.jpg","c1gXyyIgYJhLTQfMzZBLSg==":"2018-labor-day-bosch-2-kitchen-suite%20-%20copy%20(2)-500x250.jpg","cDtvxpiLUpfI04GkohcCtA==":"2018-labor-day-bosch-2-kitchen-suite%20-%20copy-800x400.jpg","uRzXJokoosu9dyqqGrtK/w==":"stainless-steel-black-summit-appliance-top-freezer-refrigerators-ff1423sslhim-64-1000-676x676.jpg","MS5MprVJLP7UiUJ1js4M0w==":"stainless-steel-black-summit-appliance-top-freezer-refrigerators-ff1423sslhim-64_1000%20-%20copy-600x600.jpg","tI2kKrNNm5KBaiXCudC7dw==":"20066222_01_1200%20-%20copy-600x600.jpg","02nCnSzAs2RykhmqAxAmJw==":"ejp_eat_2pc_mao-1_eaton%20-%20copy-600x399.jpg","LBcWZqV9xWpkBb6SlVZamw==":"yaprakli-siyah-beyaz-duvar-kagidi%20-%20copy-600x600.jpg","mxcZ3/lQW/K8AfqmEG/SlA==":"item_l_10219392-14225604-214x300.jpg","2b39SKIVTy87vxGEK1rUAA==":"zwf01483wr_wh_washer_fr_m_p-316x260.jpg","LM6BpH19K/8/LqQwVNwLnQ==":"zwf01483wr_wh_washer_fr_m_p-364x300.jpg","7XspcIMuPmltLTZgz5YRPg==":"remote.jpg-676x676.jpg","kHW68Kx7O6eV874S5G4VdA==":"remote.jpg-500x500.jpg","s5LBZRG1KfUDhYQJ1rQMyQ==":"remote.jpg%20-%20copy-300x300.jpg","T0PMbMNVJEtVfMi1nDCFfg==":"stainless-steel-black-summit-appliance-top-freezer-refrigerators-ff1423sslhim-64_1000%20-%20copy%20-%20copy-400x400.jpg","MJsH6MGHSLtyTmY3AniVfQ==":"large-940x620_000008_r-940x620.jpg","KRR7oa0TML9Nzn+PJC9F6w==":"large-940x620_000008_r-1046x710.jpg","bYVr6tOKrXwLishD+XHhHg==":"large-940x620_000008_r-1046x709.jpg","ma67WBN4LDCLKnYrgWLjuA==":"large-940x620_000008_r%20-%20copy-1046x668.jpg","UfSB2EsHFjgVltm74l29Gg==":"large-940x620_000008_r%20-%20copy-1046x668.jpg","+Qhb/cOb5QLOvs5D8TKiRQ==":"large-940x620_000008_r-600x395.jpg","f3ySxAREg++2aRXaSmAVZw==":"small-kitchen-appliances-list-entrancing-of-essential-gadgets-amp-small-appliances-kitchen-748x654.png","3AfcWHapt1lIzTly2Jk9cQ==":"small-kitchen-appliances-list-entrancing-of-essential-gadgets-amp-small-appliances-kitchen-343x300.png","7L1Pfowum+oOjXNXYEk83A==":"small-kitchen-appliances-list-entrancing-of-essential-gadgets-amp-small-appliances-kitchen-500x300.png","3ySfp/FOIsDnAoRWcFRQHg==":"small-kitchen-appliances-list-entrancing-of-essential-gadgets-amp-small-appliances-kitchen-550x395.png","KzPNT/8m4bvv2m5Jwe1pFQ==":"small-kitchen-appliances-list-entrancing-of-essential-gadgets-amp-small-appliances-kitchen-600x395.png","aDYjOJFbaBHNvcPMigozjw==":"large-940x620_000008_r-1-600x395.jpg","TFGQzSFhJ9YnYqs0quzP9w==":"remote.jpg-1-500x500.jpg","J0VsXguXktccfmgRMGl8mQ==":"zwf01483wr_wh_washer_fr_m_p%20-%20copy-300x200.jpg","ASG+3f2OKyh6kFLigg3ZcQ==":"remote.jpg%20-%20copy%20-%20copy-300x300.jpg","295zdD8oMhyBkWd9frh3zQ==":"remote.jpg%20-%20copy%20-%20copy-250x250.jpg","/jyAvZRVUiKmbC1OZQ8fDg==":"remote.jpg%20-%20copy%20-%20copy-300x250.jpg","kYl5/8EecXAkkRo81lGmQw==":"remote.jpg%20-%20copy%20-%20copy-600x395.jpg","fu6aBQlBxG+tUD3CZnOIdQ==":"remote.jpg%20-%20copy%20-%20copy-550x395.jpg","UPxkipA8HwsiENFijvhPfg==":"remote.jpg%20-%20copy%20-%20copy-500x395.jpg","nzBNSTyvIAJrxEhl0dLoQw==":"20066222_01_1200%20-%20copy-600x600.jpg","1+Q7dcDzXQ/tkE2U7EvhSQ==":"20066222_01-1200-1200x1200.jpg","YGhxAeusp+mBo38Cjjxygg==":"20066222_01_1200%20-%20copy-600x415.jpg","38M1HsJD2tW27DeCGUuNig==":"20066222_01_1200%20-%20copy-600x396.jpg","/bXXxMVkVXVbUqG3W835Lg==":"20066222_01_1200%20-%20copy-600x450.jpg","Ouy/I2CcpDg5EcatvLuz+w==":"20066222_01_1200%20-%20copy-500x317.jpg","XwFWw9QoHK0WPsi3cvLiTQ==":"20066222_01_1200%20-%20copy-450x280.jpg","GnFmMaF7VYi40ZOXOOzOQg==":"20066222_01_1200%20-%20copy-400x200.jpg","413U79TkKlKac95pW5eWMQ==":"$-20-400x257.jpg","tYWieeRA9akNaC+oRTNNEA==":"71exwoilhbl._sx425_-400x200.jpg","qzNvmqohKbHg8cRdRD4QRw==":"thumb_md_high-back-executivemanager-chair-ht8878-250x250.jpg","654/8fFLdo3XWT3VVUpzzQ==":"thumb_md_high-back-executivemanager-chair-ht8878-300x300.jpg","oxqROufz7JrFZveG73J4mg==":"970648p-500x500.jpg","dBXK6bOSDihmOC6xCE8uyA==":"si-w47-250x223.jpg","cXiW2zN9ZuJcPyRMx4Zqwg==":"si-w47-250x250.jpg","RtV+/p8nTWDPjftv+itUmw==":"970648p-1-500x500.jpg","MRHL2n/D70c0PcCMHuC5jw==":"si-w47-1-250x250.jpg","EHhJznx3mCIpk3KmhDdMGg==":"thumb_md_high-back-executivemanager-chair-ht8878-1-300x300.jpg","0ZCNqpqTEN1B3s50myfs4Q==":"cassiope_upholstered_storage_bed_king_00_lp-297x297.jpg","KckQt9eObYEUP2ANIbUjyA==":"cassiope_upholstered_storage_bed_king_00_lp-1-297x297.jpg","C5gyG0oyB38Dq5bNwTvPkA==":"products%252fsignature_design%252fcolor%252flacey_d328-25+6x01-b-500x500.jpg","mnip6yw50AFXvU2uQGwk6A==":"d76542ad52135af420dc45c1a3762061-600x600.jpg","gVnEcPn7xSVGP8AJbUBv5Q==":"furniture-accessories-300x300.jpg","EF+UXYnZ5l4Scn25VSxoRw==":"20066222_01_1200%20-%20copy-400x200.jpg","WhCyu263duGP2uoqJ8entg==":"20066222_01_1200%20-%20copy%20(2)-1200x875.jpg","meE2uTZWpB0ccYLLeJVMow==":"20066222_01-1201-1200x1200.jpg","1ZiYbp7rP3Zf6F082/VLZA==":"20066222_01_1200%20-%20copy%20(2)-1046x763.jpg","3C9MmfIwSAOKk2Sirn4Qyw==":"20066222_01_1200%20-%20copy%20(2)%20-%20copy-676x493.jpg","Zk5JQj+ipHxBj4ODM1qg4A==":"20066222_01-1200-676x676.jpg","mgEmVpb5KVrxAxTbEYwYrw==":"20066222_01_1200%20-%20copy%20(2)%20-%20copy-676x676.jpg","qh6FhVbdMYqb9NLOOAYepQ==":"20066222_01_1200%20-%20copy%20(2)%20-%20copy-800x800.jpg","XV4MPs4a76Q6qSp621E5Mw==":"20066222_01_1200%20-%20copy%20(2)%20-%20copy-800x800.jpg","f6eO0HpM5L08HTVCmYKTLQ==":"stainless-steel-black-summit-appliance-top-freezer-refrigerators-ff1423sslhim-64_1000%20-%20copy%20-%20copy-400x400.jpg","KGVXrJXAHbfg0Tx2vZSA5g==":"products%252fsignature_design%252fcolor%252flacey_d328-25+6x01-b-500x500.jpg","ePwYqRz7XVwDKsoQlotcvQ==":"furniture-accessories-1-300x300.jpg","HXsE2+s2r3tUG9EugRDzNg==":"dummy-profile-pic-male1-380x380.jpg","0OOE1Usrtktm437Z/qTMRQ==":"background2.jpg","mJ8JdY18Wo9O+n4t5Bp3GQ==":"2018-labor-day-bosch-2-kitchen-suite%20-%20copy-800x400.jpg","K8EjW+ss79KvZQ4V463LsQ==":"cbf74d260d04d76eebaa9d5f44d11fa9-1003x335.jpg","CzOMpL5n1+lEn6aOro5yKw==":"45181839_340988273324860_1440317901188890624_n-720x480.jpg","ktFZ3VVnhnkJGiPv3P79ZQ==":"45197811_2082008162129701_1044645202981027840_n-720x480.jpg","BnSDYTCGMbiksxTq1behOw==":"45095643_191603068437482_4884113547744772096_n-420x280.jpg","XffYz/LRe3EfCgdGEvifKQ==":"45244306_498930383944184_4526330067474710528_n-720x480.jpg","s72MGeqXhFpANw8tunr65A==":"45342222_325499348251754_3355527488733184000_n-720x480.jpg","/w0hJgwV2EkUJhh1t23LXg==":"45338142_2105856073001277_63624932558372864_n-720x480.jpg","cBl3u9wekPuw4gav3NRRtg==":"45247896_164466814507653_686603015355891712_n-720x480.jpg","gVeXS+aG1/17sTzzubN4tw==":"45201199_1466327320178079_5485399923983646720_n-720x480.jpg","a32TtNTMKyjl9A4S9aAKWA==":"44946547_352855385488426_8611509879175118848_n%20-%20copy%20(2)-450x300.jpg","8JQrj7eWlXw3sfqIlKoesg==":"45294697_201001024135687_4566191500035096576_n-720x480.jpg","JILJ4nAx4CEdvIAqOEObHA==":"45181839_340988273324860_1440317901188890624_n-1-720x480.jpg","rlbaXbhy1om0e09NrSCyAA==":"45206667_714818955550561_7493289223533887488_n-720x480.jpg","nvKbcnhxMtA+I+WwFh5IRA==":"45163780_259113464796223_1801917945232752640_n-480x720.jpg","4DakKfyWwYZnD1Rq5kWPGA==":"45213293_2112219802375453_572255902011228160_n%20(1)-720x480.jpg","srCReMlESxtiiv934I0vjw==":"45218055_344045976403898_4601903594755588096_n-720x480.jpg","6ceJW+OJJkttYb+QfXmjqg==":"45224962_322822248512993_7373997481845063680_n-720x480.jpg","9lQ5gcIuIn2a5OZLcW95Vg==":"45221905_290686148209436_5112553297621811200_n-480x720.jpg","zpWZlLGiPLfUCfHilzwIzw==":"45296913_2036248019788909_2187752174740570112_n%20(1)-720x480.jpg","tiG8GIhTygubd85/grS1kA==":"45353133_2016239575101442_5201422471693074432_n-720x480.jpg","gELpI5rW6M7UXBimDuvhfg==":"45357100_349778242444095_2324427014875906048_n-720x480.jpg","qqzGUXDYkUqu9m7laZ83Rw==":"face2-1.jpg","4rLO3ebTx0hpYnR2dw2aFw==":"kstun-2018-new-arrivals-jeans-men-fake-zippers-stretch-pencils-for-slimming-male-pants-with-pockets-1-500x500.jpg","T9b69C2BHuDHn1CCJukg1w==":"mw40_4640_joseph_abboud_shoes_brown_set-500x500.jpg","Em8SIqrxH7temKHZDGTzfg==":"upload483912530361678396-500x500.jpg","W7neD9szEYcgjSIsqvSV7A==":"0254291620036_041_b-450x675.jpg","4tQh9pkMBSoIK5aK4GfDSQ==":"0254291620036_041_b-505x675.jpg","8zxqyF+c04rMnGtEeDt8XA==":"0254291620036_041_b-505x600.jpg","buXW4qnkxhOOZxfQHySXjQ==":"0254291620036_041_b-500x500.jpg","pvL6Qu+pN5bM5K7TANrS0A==":"men-plaid-shirt-long-sleeve-summer-shirt-brand-mens-check-shirts-cotton-mens-casual-shirts-2018.jpg_640x640-640x640.jpg","CldH0mtUZp37LJO2WNoCnQ==":"men-plaid-shirt-long-sleeve-summer-shirt-brand-mens-check-shirts-cotton-mens-casual-shirts-2018.jpg_640x640-1-640x640.jpg","zpso/0XWRQODuHsmUr+HsA==":"kstun-2018-new-arrivals-jeans-men-fake-zippers-stretch-pencils-for-slimming-male-pants-with-pockets-2-500x500.jpg","trwFyc9cGssVuRu51yinIA==":"mw40_4640_joseph_abboud_shoes_brown_set-1-500x500.jpg","DN4476uAZfr8fV4POWjkCw==":"upload483912530361678396-1-500x500.jpg","rbgAM2HrCgR67bn8nsdpCA==":"0254291620036_041_b-1-500x500.jpg","cIzcrEdvkN/sXJd2NuUdKQ==":"46260991_373811873356716_1545593038582054912_n-1152x480.png","TNc94RogA+lWmdczNMBQSQ==":"1382240_591503527583170_575884878_n-864x319.jpg","/o+fwTG95/ZAworwduAT1Q==":"46346633_265152360787519_2506615975634272256_n-480x872.jpg","zTph5bm5SqBbZUFkKu7IaQ==":"46258113_314904299343613_2602038758698123264_n-480x872.jpg","WvwoOlcw5gUIQ9iOAG4eWw==":"46342640_352343182008105_6534660790878732288_n-480x872.jpg","vJrg6O/M3Ql9mmm1hxO4Yw==":"46420147_530639470734235_7668102265156141056_n-640x480.jpg","2ZiOhOkFt/bTnaTwPCeMTQ==":"46298574_2038479316202944_7710550487799431168_n-640x480.jpg","uTz341DnFoJuPBTM/j5bJA==":"46333675_379628689245574_5916145853411622912_n-640x480.jpg","ANCZ2gk2hrX9IyZqanACwg==":"46230735_317845635612476_6148801676330401792_n-640x480.jpg","22F2Bi3K9iEjvdI1KFjsAA==":"46278547_2203140146565147_2512777823479922688_n-853x480.jpg","+ciiTmziyrPjyI13ouxKLg==":"46219633_321740878640351_4106885300809105408_n-640x480.jpg","PlI1o5H/rc/r9oNoL8WNrA==":"46339037_2161456264182479_507405108477165568_n-480x640.jpg","LPrK2Q/lUqirk/h+9EIYuw==":"46321619_297515974434691_2489519866902478848_n-225x225.jpg","ObpbG0e4g/UgKIDIPrVU/w==":"46353060_192868841591870_921372980091551744_n-480x640.jpg","fG9rv7DnUhpfAAyLo2DlcQ==":"13244895_1077948702271981_5124630593015586629_n-960x960.jpg","p5oOA46HYvQxcq9hmo57bw==":"13237868_1077962958937222_7366437320592087835_n-960x720.jpg","F5t0da44wr0UVPcIztRJUA==":"rbvai1ko35oavvssaaqquyunmwe379-676x632.jpg","VoRJZqw17EvsC30RfbXnWg==":"a0c520b3fe33d1bc02643caa065dfa8a-616x462.jpg","dB3usZeHPk1I5XXlt5kS1g==":"a0c520b3fe33d1bc02643caa065dfa8a%20-%20copy-537x462.jpg","yQDNYD0SBURB4sK96D1c2A==":"a0c520b3fe33d1bc02643caa065dfa8a%20-%20copy-519x462.jpg","gbZQ8imLe+1I3KMUFu0Zyg==":"a0c520b3fe33d1bc02643caa065dfa8a%20-%20copy-506x462.jpg","mhcRU0xQgIv5cqCP37/UlA==":"electrical_goods-676x225.png","T8qsnLOVTt5tiJaVnB2JzQ==":"electrical-products-modular-switches-500x490.png","9mCohRn7/q0rUDCEvmAC3g==":"electrical-products-modular-switches-500x500%20-%20copy-500x452.png","LnR9oWuEdiKO2ldAIWEb3A==":"rbvai1ko35oavvssaaqquyunmwe379-790x739.jpg","YjzWhKezc+q4kTQcJMILcQ==":"a0c520b3fe33d1bc02643caa065dfa8a%20-%20copy-506x462.jpg","rr5IgJEkC+OqQLk9D/+0Fw==":"46142983_2203433409687372_8723011267448537088_n-480x513.jpg","SLNd+b3JM2VLmnU0kW++EQ==":"17800000_275766602874872_2302425750271170583_n-720x960.jpg","AR7dzrAVmCskONU1VTzOiQ==":"head-659652_960-720-658x658.png","nmyp43oGNA7t3188skG1nw==":"head-659652_960-720-510x510.png","4kWMMzLyPHiEN0JFZ5f5XQ==":"head-659652_960-720-240x240.png"}